{
  "alpha": {
    "0": [
      20.0,
      17.0,
      21.0,
      28.0,
      16.0,
      21.0,
      21.0,
      16.0,
      24.0,
      26.0
    ],
    "1": [
      21.0,
      21.0,
      16.0,
      21.0,
      23.0,
      22.0,
      14.0,
      21.0,
      19.0,
      32.0
    ],
    "2": [
      20.0,
      19.0,
      27.0,
      20.0,
      11.0,
      24.0,
      24.0,
      24.0,
      24.0,
      17.0
    ],
    "3": [
      18.0,
      16.0,
      24.0,
      24.0,
      30.0,
      16.0,
      19.0,
      26.0,
      18.0,
      19.0
    ],
    "4": [
      15.0,
      18.0,
      25.0,
      21.0,
      17.0,
      21.0,
      26.0,
      20.0,
      22.0,
      25.0
    ],
    "5": [
      16.0,
      18.0,
      17.0,
      27.0,
      30.0,
      24.0,
      21.0,
      20.0,
      20.0,
      17.0
    ],
    "6": [
      19.0,
      24.0,
      13.0,
      16.0,
      32.0,
      19.0,
      21.0,
      24.0,
      18.0,
      24.0
    ]
  },
  "beta": {
    "0": [
      19.100000000000005,
      19.40000000000001,
      19.000000000000004,
      18.299999999999994,
      19.50000000000001,
      19.000000000000004,
      19.000000000000004,
      19.50000000000001,
      18.7,
      18.499999999999996
    ],
    "1": [
      19.000000000000004,
      19.000000000000004,
      19.50000000000001,
      19.000000000000004,
      18.8,
      18.900000000000002,
      19.700000000000014,
      19.000000000000004,
      19.200000000000006,
      17.899999999999988
    ],
    "2": [
      19.100000000000005,
      19.200000000000006,
      18.399999999999995,
      19.100000000000005,
      20.000000000000018,
      18.7,
      18.7,
      18.7,
      18.7,
      19.40000000000001
    ],
    "3": [
      19.300000000000008,
      19.50000000000001,
      18.7,
      18.7,
      18.09999999999999,
      19.50000000000001,
      19.200000000000006,
      18.499999999999996,
      19.300000000000008,
      19.200000000000006
    ],
    "4": [
      19.600000000000012,
      19.300000000000008,
      18.599999999999998,
      19.000000000000004,
      19.40000000000001,
      19.000000000000004,
      18.499999999999996,
      19.100000000000005,
      18.900000000000002,
      18.599999999999998
    ],
    "5": [
      19.50000000000001,
      19.300000000000008,
      19.40000000000001,
      18.399999999999995,
      18.09999999999999,
      18.7,
      19.000000000000004,
      19.100000000000005,
      19.100000000000005,
      19.40000000000001
    ],
    "6": [
      19.200000000000006,
      18.7,
      19.800000000000015,
      19.50000000000001,
      17.899999999999988,
      19.200000000000006,
      19.000000000000004,
      18.7,
      19.300000000000008,
      18.7
    ]
  },
  "observations": 200,
  "game_name": "gluecksspirale",
  "last_updated": "2025-12-20T21:25:52.739754"
}