{
  "q_table": {
    "(0, 2, 0, 1, 0, 2, 2, 1, 1, 0)": [
      0.05610000000000001,
      0.0,
      0.0,
      -0.1,
      0.0,
      0.0,
      0.05,
      0.0,
      0.0,
      -0.1,
      0.0,
      0.0,
      0.0,
      0.0,
      0.0,
      0.0,
      0.0,
      0.0,
      -0.1,
      0.0,
      0.0
    ],
    "(0, 1, 0, 1, 0, 2, 1, 1, 1, 0)": [
      -0.370349821,
      0.045000000000000005,
      0.05,
      0.0,
      0.0,
      -0.1,
      0.0,
      -0.1,
      0.0,
      -0.1,
      0.0,
      0.0,
      0.0,
      0.0,
      -0.1,
      0.0,
      0.0,
      0.0,
      -0.19,
      0.0,
      -0.271
    ],
    "(0, 1, 0, 1, 0, 2, 2, 1, 1, 0)": [
      0.14877257445,
      -0.19,
      -0.19,
      0.0,
      0.0,
      0.0,
      -0.1,
      0.0,
      0.0,
      0.0,
      -0.09000000000000001,
      0.045000000000000005,
      0.0,
      0.09050000000000001,
      0.0,
      0.0,
      0.0,
      0.0,
      0.0,
      0.0,
      -0.09000000000000001
    ],
    "(0, 1, 0, 1, 1, 2, 2, 1, 1, 1)": [
      -0.2778031000000001,
      0.0,
      0.0,
      0.0,
      0.0,
      0.0,
      0.045000000000000005,
      0.0,
      0.0,
      -0.09000000000000001,
      0.0,
      -0.09000000000000001,
      0.0,
      -0.09000000000000001,
      0.0,
      0.0,
      0.0,
      0.0,
      0.0,
      0.0,
      -0.1
    ],
    "(0, 1, 1, 1, 1, 2, 2, 1, 1, 1)": [
      -0.3454813012965445,
      0.05610000000000001,
      0.0,
      0.0,
      0.0,
      0.0,
      -0.009999999999999995,
      0.0,
      -0.1,
      0.13710000000000003,
      -0.1,
      -0.20890000000000003,
      0.0,
      -0.1,
      0.0,
      0.0,
      0.0,
      0.0,
      0.0,
      0.0,
      0.05
    ]
  },
  "strategy_values": [
    -0.3885602486729247,
    -0.027439867994999978,
    -0.14950000000000002,
    -0.1,
    0.0,
    -0.1,
    -0.009704754999999995,
    -0.1,
    -0.1,
    0.007927891490999983,
    -0.18100000000000002,
    -0.24403415500000006,
    0.0,
    -0.1109535895,
    -0.1,
    0.0,
    0.0,
    0.0,
    -0.271,
    0.0,
    -0.2907031000000001
  ],
  "epsilon": 0.15872762184272152,
  "learning_rate": 0.1,
  "discount_factor": 0.95,
  "total_rewards": -38.5,
  "episodes": 127,
  "strategies": [
    "hot_cold",
    "cold_numbers",
    "overdue",
    "odd_even_33",
    "odd_even_42",
    "sum_optimized",
    "decade_balance",
    "delta_pattern",
    "position_based",
    "no_consecutive",
    "prime_mix",
    "low_high",
    "hot_cold_mix",
    "monte_carlo",
    "bayesian",
    "fibonacci",
    "neighbor_pairs",
    "end_digit",
    "neural_network",
    "lstm_sequence",
    "random_forest"
  ],
  "last_updated": "2026-01-09T20:21:01.847887"
}