{
  "q_table": {
    "(0, 2, 0, 1, 0, 2, 2, 1, 1, 0)": [
      0.05610000000000001,
      0.0,
      0.0,
      -0.1,
      0.0,
      0.0,
      0.05,
      0.0,
      0.0,
      -0.1,
      0.0,
      0.0,
      0.0,
      0.0,
      0.0,
      0.0,
      0.0,
      0.0,
      -0.1,
      0.0,
      0.0
    ],
    "(0, 1, 0, 1, 0, 2, 1, 1, 1, 0)": [
      -0.370349821,
      0.045000000000000005,
      0.05,
      0.0,
      0.0,
      -0.1,
      0.0,
      -0.1,
      0.0,
      -0.1,
      0.0,
      0.0,
      0.0,
      0.0,
      -0.1,
      0.0,
      0.0,
      0.0,
      -0.19,
      0.0,
      -0.271
    ],
    "(0, 1, 0, 1, 0, 2, 2, 1, 1, 0)": [
      0.14877257445,
      -0.19,
      -0.19,
      0.0,
      0.0,
      0.0,
      -0.1,
      0.0,
      0.0,
      0.0,
      -0.09000000000000001,
      0.045000000000000005,
      0.0,
      0.09050000000000001,
      0.0,
      0.0,
      0.0,
      0.0,
      0.0,
      0.0,
      -0.09000000000000001
    ],
    "(0, 1, 0, 1, 1, 2, 2, 1, 1, 1)": [
      -0.2778031000000001,
      0.0,
      0.0,
      0.0,
      0.0,
      0.0,
      0.045000000000000005,
      0.0,
      0.0,
      -0.09000000000000001,
      0.0,
      -0.09000000000000001,
      0.0,
      -0.09000000000000001,
      0.0,
      0.0,
      0.0,
      0.0,
      0.0,
      0.0,
      -0.1
    ],
    "(0, 1, 1, 1, 1, 2, 2, 1, 1, 1)": [
      -0.24390000000000003,
      -0.1,
      0.0,
      0.0,
      0.0,
      0.0,
      0.0,
      0.0,
      0.0,
      -0.1,
      -0.1,
      -0.1,
      0.0,
      0.0,
      0.0,
      0.0,
      0.0,
      0.0,
      0.0,
      0.0,
      0.0
    ]
  },
  "strategy_values": [
    -0.41337766045031604,
    -0.214595155,
    -0.14950000000000002,
    -0.1,
    0.0,
    -0.1,
    0.0004050000000000004,
    -0.1,
    0.0,
    -0.27719082100000003,
    -0.18100000000000002,
    -0.14819500000000002,
    0.0,
    -0.015025499999999999,
    -0.1,
    0.0,
    0.0,
    0.0,
    -0.271,
    0.0,
    -0.3785590000000001
  ],
  "epsilon": 0.18448458646071778,
  "learning_rate": 0.1,
  "discount_factor": 0.95,
  "total_rewards": -33.5,
  "episodes": 97,
  "strategies": [
    "hot_cold",
    "cold_numbers",
    "overdue",
    "odd_even_33",
    "odd_even_42",
    "sum_optimized",
    "decade_balance",
    "delta_pattern",
    "position_based",
    "no_consecutive",
    "prime_mix",
    "low_high",
    "hot_cold_mix",
    "monte_carlo",
    "bayesian",
    "fibonacci",
    "neighbor_pairs",
    "end_digit",
    "neural_network",
    "lstm_sequence",
    "random_forest"
  ],
  "last_updated": "2026-01-04T03:53:04.645342"
}