{
  "q_table": {
    "(0, 2, 0, 1, 0, 2, 2, 1, 1, 0)": [
      0.05610000000000001,
      0.0,
      0.0,
      -0.1,
      0.0,
      0.0,
      0.05,
      0.0,
      0.0,
      -0.1,
      0.0,
      0.0,
      0.0,
      0.0,
      0.0,
      0.0,
      0.0,
      0.0,
      -0.1,
      0.0,
      0.0
    ],
    "(0, 1, 0, 1, 0, 2, 1, 1, 1, 0)": [
      -0.370349821,
      0.045000000000000005,
      0.05,
      0.0,
      0.0,
      -0.1,
      0.0,
      -0.1,
      0.0,
      -0.1,
      0.0,
      0.0,
      0.0,
      0.0,
      -0.1,
      0.0,
      0.0,
      0.0,
      -0.19,
      0.0,
      -0.271
    ],
    "(0, 1, 0, 1, 0, 2, 2, 1, 1, 0)": [
      0.14877257445,
      -0.19,
      -0.19,
      0.0,
      0.0,
      0.0,
      -0.1,
      0.0,
      0.0,
      0.0,
      -0.09000000000000001,
      0.045000000000000005,
      0.0,
      0.09050000000000001,
      0.0,
      0.0,
      0.0,
      0.0,
      0.0,
      0.0,
      -0.09000000000000001
    ],
    "(0, 1, 0, 1, 1, 2, 2, 1, 1, 1)": [
      -0.2778031000000001,
      0.0,
      0.0,
      0.0,
      0.0,
      0.0,
      0.045000000000000005,
      0.0,
      0.0,
      -0.09000000000000001,
      0.0,
      -0.09000000000000001,
      0.0,
      -0.09000000000000001,
      0.0,
      0.0,
      0.0,
      0.0,
      0.0,
      0.0,
      -0.1
    ],
    "(0, 1, 1, 1, 1, 2, 2, 1, 1, 1)": [
      -0.29242279000000004,
      -0.19,
      0.0,
      0.0,
      0.0,
      0.0,
      0.0,
      0.0,
      0.0,
      -0.09000000000000001,
      -0.1,
      -0.19,
      0.0,
      0.0,
      0.0,
      0.0,
      0.0,
      0.0,
      0.0,
      0.0,
      0.05
    ]
  },
  "strategy_values": [
    -0.4036170830214524,
    -0.2931356395,
    -0.14950000000000002,
    -0.1,
    0.0,
    -0.1,
    0.0003645000000000004,
    -0.1,
    0.0,
    -0.24947173890000005,
    -0.18100000000000002,
    -0.23337550000000004,
    0.0,
    -0.013522949999999999,
    -0.1,
    0.0,
    0.0,
    0.0,
    -0.271,
    0.0,
    -0.2907031000000001
  ],
  "epsilon": 0.17546515909757723,
  "learning_rate": 0.1,
  "discount_factor": 0.95,
  "total_rewards": -36.5,
  "episodes": 107,
  "strategies": [
    "hot_cold",
    "cold_numbers",
    "overdue",
    "odd_even_33",
    "odd_even_42",
    "sum_optimized",
    "decade_balance",
    "delta_pattern",
    "position_based",
    "no_consecutive",
    "prime_mix",
    "low_high",
    "hot_cold_mix",
    "monte_carlo",
    "bayesian",
    "fibonacci",
    "neighbor_pairs",
    "end_digit",
    "neural_network",
    "lstm_sequence",
    "random_forest"
  ],
  "last_updated": "2026-01-06T20:20:03.525188"
}