{
  "alpha": {
    "0": [
      45.0,
      59.0,
      56.0,
      70.0,
      57.0,
      40.0,
      39.0,
      44.0,
      57.0,
      43.0
    ],
    "1": [
      49.0,
      41.0,
      52.0,
      42.0,
      64.0,
      43.0,
      64.0,
      43.0,
      55.0,
      57.0
    ],
    "2": [
      47.0,
      36.0,
      58.0,
      59.0,
      57.0,
      44.0,
      53.0,
      41.0,
      56.0,
      59.0
    ],
    "3": [
      42.0,
      45.0,
      65.0,
      48.0,
      51.0,
      64.0,
      48.0,
      48.0,
      46.0,
      53.0
    ],
    "4": [
      51.0,
      48.0,
      42.0,
      51.0,
      45.0,
      58.0,
      54.0,
      57.0,
      42.0,
      62.0
    ],
    "5": [
      43.0,
      56.0,
      51.0,
      46.0,
      55.0,
      51.0,
      51.0,
      49.0,
      54.0,
      54.0
    ],
    "6": [
      51.0,
      46.0,
      47.0,
      51.0,
      51.0,
      48.0,
      53.0,
      62.0,
      47.0,
      54.0
    ]
  },
  "beta": {
    "0": [
      46.60000000000039,
      45.20000000000037,
      45.50000000000038,
      44.10000000000036,
      45.400000000000375,
      47.1000000000004,
      47.2000000000004,
      46.700000000000394,
      45.400000000000375,
      46.800000000000395
    ],
    "1": [
      46.20000000000039,
      47.0000000000004,
      45.90000000000038,
      46.9000000000004,
      44.700000000000365,
      46.800000000000395,
      44.700000000000365,
      46.800000000000395,
      45.60000000000038,
      45.400000000000375
    ],
    "2": [
      46.40000000000039,
      47.500000000000405,
      45.300000000000374,
      45.20000000000037,
      45.400000000000375,
      46.700000000000394,
      45.80000000000038,
      47.0000000000004,
      45.50000000000038,
      45.20000000000037
    ],
    "3": [
      46.9000000000004,
      46.60000000000039,
      44.600000000000364,
      46.30000000000039,
      46.000000000000384,
      44.700000000000365,
      46.30000000000039,
      46.30000000000039,
      46.50000000000039,
      45.80000000000038
    ],
    "4": [
      46.000000000000384,
      46.30000000000039,
      46.9000000000004,
      46.000000000000384,
      46.60000000000039,
      45.300000000000374,
      45.70000000000038,
      45.400000000000375,
      46.9000000000004,
      44.90000000000037
    ],
    "5": [
      46.800000000000395,
      45.50000000000038,
      46.000000000000384,
      46.50000000000039,
      45.60000000000038,
      46.000000000000384,
      46.000000000000384,
      46.20000000000039,
      45.70000000000038,
      45.70000000000038
    ],
    "6": [
      46.000000000000384,
      46.50000000000039,
      46.40000000000039,
      46.000000000000384,
      46.000000000000384,
      46.30000000000039,
      45.80000000000038,
      44.90000000000037,
      46.40000000000039,
      45.70000000000038
    ]
  },
  "observations": 500,
  "game_name": "spiel77",
  "last_updated": "2025-12-20T21:25:52.260053"
}