{
  "weights": [
    0.07318342083945005,
    0.07221730307259265,
    0.07245883251430699,
    0.07439106804802184,
    0.07777248023202282,
    0.22260850830933734,
    0.07584024469830798,
    0.08115389241602383,
    0.18057224121448734,
    0.06980200865544907
  ],
  "transition_probs": [
    [
      0.09904153354632587,
      0.10543130990415335,
      0.0670926517571885,
      0.08626198083067092,
      0.10223642172523961,
      0.09904153354632587,
      0.12460063897763578,
      0.12779552715654952,
      0.10862619808306709,
      0.07987220447284345
    ],
    [
      0.08414239482200647,
      0.11003236245954692,
      0.13268608414239483,
      0.10355987055016182,
      0.11003236245954692,
      0.11003236245954692,
      0.061488673139158574,
      0.10032362459546926,
      0.08737864077669903,
      0.10032362459546926
    ],
    [
      0.09864036256998134,
      0.07198080511863504,
      0.053319114902692616,
      0.08264462809917357,
      0.10130631831511597,
      0.2668621700879765,
      0.06664889362836576,
      0.10930418555051986,
      0.07731271660890429,
      0.07198080511863504
    ],
    [
      0.08176100628930817,
      0.09748427672955975,
      0.1069182389937107,
      0.11006289308176101,
      0.08490566037735849,
      0.11006289308176101,
      0.09119496855345911,
      0.09748427672955975,
      0.11949685534591195,
      0.10062893081761007
    ],
    [
      0.08132530120481928,
      0.09939759036144578,
      0.07530120481927711,
      0.08132530120481928,
      0.1144578313253012,
      0.09036144578313253,
      0.13855421686746988,
      0.12349397590361445,
      0.09939759036144578,
      0.0963855421686747
    ],
    [
      0.06748336535044111,
      0.0832294839322107,
      0.08098003842052934,
      0.060735028815397,
      0.0764811473971666,
      0.07873059290884797,
      0.0764811473971666,
      0.06523391983875974,
      0.32966523751895155,
      0.08098003842052934
    ],
    [
      0.07142128354249566,
      0.07652280379553107,
      0.07907356392204877,
      0.09692888480767269,
      0.09182736455463729,
      0.26027956330986635,
      0.09692888480767269,
      0.07397204366901336,
      0.07397204366901336,
      0.07907356392204877
    ],
    [
      0.12173913043478261,
      0.08405797101449275,
      0.12753623188405797,
      0.11014492753623188,
      0.0927536231884058,
      0.11014492753623188,
      0.0782608695652174,
      0.11594202898550725,
      0.07536231884057971,
      0.08405797101449275
    ],
    [
      0.11447811447811448,
      0.10774410774410774,
      0.08417508417508418,
      0.09090909090909091,
      0.08754208754208755,
      0.12121212121212122,
      0.11447811447811448,
      0.08417508417508418,
      0.08080808080808081,
      0.11447811447811448
    ],
    [
      0.10702341137123746,
      0.07692307692307693,
      0.11036789297658862,
      0.11705685618729098,
      0.11705685618729098,
      0.08695652173913043,
      0.11036789297658862,
      0.13043478260869565,
      0.07023411371237458,
      0.07357859531772576
    ]
  ],
  "alpha": [
    304.0,
    300.0,
    301.0,
    310.0,
    323.0,
    329.0,
    315.0,
    337.0,
    291.0,
    290.0
  ],
  "beta": [
    2780.7999999999993,
    2784.7999999999993,
    2783.7999999999993,
    2775.6999999999994,
    2761.7999999999993,
    2759.3999999999996,
    2769.7999999999993,
    2747.7999999999993,
    2796.4999999999995,
    2794.7999999999993
  ],
  "observations": 3089,
  "last_updated": "2026-01-03T20:16:16.357902"
}