{
  "alpha": {
    "0": [
      64.0,
      51.0,
      50.0,
      50.0,
      40.0,
      57.0,
      52.0,
      49.0,
      49.0,
      48.0
    ],
    "1": [
      49.0,
      43.0,
      54.0,
      60.0,
      52.0,
      59.0,
      42.0,
      49.0,
      47.0,
      55.0
    ],
    "2": [
      49.0,
      41.0,
      54.0,
      56.0,
      50.0,
      53.0,
      48.0,
      66.0,
      48.0,
      45.0
    ],
    "3": [
      55.0,
      46.0,
      47.0,
      37.0,
      57.0,
      45.0,
      58.0,
      66.0,
      57.0,
      42.0
    ],
    "4": [
      51.0,
      51.0,
      47.0,
      47.0,
      50.0,
      48.0,
      57.0,
      60.0,
      46.0,
      53.0
    ],
    "5": [
      53.0,
      50.0,
      46.0,
      60.0,
      60.0,
      44.0,
      46.0,
      48.0,
      49.0,
      54.0
    ]
  },
  "beta": {
    "0": [
      44.700000000000365,
      46.000000000000384,
      46.100000000000385,
      46.100000000000385,
      47.1000000000004,
      45.400000000000375,
      45.90000000000038,
      46.20000000000039,
      46.20000000000039,
      46.30000000000039
    ],
    "1": [
      46.20000000000039,
      46.800000000000395,
      45.70000000000038,
      45.10000000000037,
      45.90000000000038,
      45.20000000000037,
      46.9000000000004,
      46.20000000000039,
      46.40000000000039,
      45.60000000000038
    ],
    "2": [
      46.20000000000039,
      47.0000000000004,
      45.70000000000038,
      45.50000000000038,
      46.100000000000385,
      45.80000000000038,
      46.30000000000039,
      44.50000000000036,
      46.30000000000039,
      46.60000000000039
    ],
    "3": [
      45.60000000000038,
      46.50000000000039,
      46.40000000000039,
      47.400000000000404,
      45.400000000000375,
      46.60000000000039,
      45.300000000000374,
      44.50000000000036,
      45.400000000000375,
      46.9000000000004
    ],
    "4": [
      46.000000000000384,
      46.000000000000384,
      46.40000000000039,
      46.40000000000039,
      46.100000000000385,
      46.30000000000039,
      45.400000000000375,
      45.10000000000037,
      46.50000000000039,
      45.80000000000038
    ],
    "5": [
      45.80000000000038,
      46.100000000000385,
      46.50000000000039,
      45.10000000000037,
      45.10000000000037,
      46.700000000000394,
      46.50000000000039,
      46.30000000000039,
      46.20000000000039,
      45.70000000000038
    ]
  },
  "observations": 500,
  "game_name": "super6",
  "last_updated": "2025-12-20T21:25:52.580874"
}